{"cameraMode":{"drawMode":0,"name":"Shaded","section":"Shading Mode"},"sceneLighting":false,"audioPlay":false,"sceneViewState":{"m_AlwaysRefresh":false,"showFog":true,"showSkybox":true,"showFlares":true,"showImageEffects":true,"showParticleSystems":true,"showVisualEffectGraphs":true,"m_FxEnabled":true},"in2DMode":false,"pivot":{"x":9.771912574768067,"y":2.881385087966919,"z":-8.142681121826172},"rotation":{"x":0.0004392504633869976,"y":-0.9978698492050171,"z":0.007795063778758049,"w":0.06625600159168244},"size":18.69729232788086,"orthographic":false}