{"cameraMode":{"drawMode":0,"name":"Shaded","section":"Shading Mode"},"sceneLighting":true,"audioPlay":false,"sceneViewState":{"m_AlwaysRefresh":false,"showFog":true,"showSkybox":true,"showFlares":true,"showImageEffects":true,"showParticleSystems":true,"showVisualEffectGraphs":true,"m_FxEnabled":true},"in2DMode":false,"pivot":{"x":150.7997283935547,"y":-0.3103623390197754,"z":20.80192756652832},"rotation":{"x":0.01853516884148121,"y":0.6978561878204346,"z":-0.02527831867337227,"w":0.7163580060005188},"size":30.442508697509767,"orthographic":false}