{"cameraMode":{"drawMode":0,"name":"Shaded","section":"Shading Mode"},"sceneLighting":false,"audioPlay":false,"sceneViewState":{"m_AlwaysRefresh":false,"showFog":true,"showSkybox":true,"showFlares":true,"showImageEffects":true,"showParticleSystems":true,"showVisualEffectGraphs":true,"m_FxEnabled":true},"in2DMode":false,"pivot":{"x":13.606908798217774,"y":3.5489370822906496,"z":27.024333953857423},"rotation":{"x":-0.00014070168253965676,"y":-0.9990726709365845,"z":0.045295391231775287,"w":-0.001195464632473886},"size":1.1095856428146363,"orthographic":false}